frame_file,batch,session
2622_Farwell_00000.jpg,batch_1,2622_Farwell_Ave-2026-03-14_16-40-32
2622_Farwell_00005.jpg,batch_1,2622_Farwell_Ave-2026-03-14_16-40-32
2622_Farwell_00010.jpg,batch_1,2622_Farwell_Ave-2026-03-14_16-40-32
2622_Farwell_00015.jpg,batch_1,2622_Farwell_Ave-2026-03-14_16-40-32
2622_Farwell_00020.jpg,batch_1,2622_Farwell_Ave-2026-03-14_16-40-32
2622_Farwell_00025.jpg,batch_1,2622_Farwell_Ave-2026-03-14_16-40-32
2622_Farwell_00030.jpg,batch_1,2622_Farwell_Ave-2026-03-14_16-40-32
2622_Farwell_00035.jpg,batch_1,2622_Farwell_Ave-2026-03-14_16-40-32
2622_Farwell_00040.jpg,batch_1,2622_Farwell_Ave-2026-03-14_16-40-32
2622_Farwell_00045.jpg,batch_1,2622_Farwell_Ave-2026-03-14_16-40-32
2622_Farwell_00050.jpg,batch_1,2622_Farwell_Ave-2026-03-14_16-40-32
2622_Farwell_00055.jpg,batch_1,2622_Farwell_Ave-2026-03-14_16-40-32
2622_Farwell_00060.jpg,batch_1,2622_Farwell_Ave-2026-03-14_16-40-32
2622_Farwell_00065.jpg,batch_1,2622_Farwell_Ave-2026-03-14_16-40-32
2622_Farwell_00070.jpg,batch_1,2622_Farwell_Ave-2026-03-14_16-40-32
2622_Farwell_00075.jpg,batch_1,2622_Farwell_Ave-2026-03-14_16-40-32
2622_Farwell_00080.jpg,batch_1,2622_Farwell_Ave-2026-03-14_16-40-32
2622_Farwell_00085.jpg,batch_1,2622_Farwell_Ave-2026-03-14_16-40-32
2622_Farwell_00090.jpg,batch_1,2622_Farwell_Ave-2026-03-14_16-40-32
2622_Farwell_00095.jpg,batch_1,2622_Farwell_Ave-2026-03-14_16-40-32
2622_Farwell_00100.jpg,batch_1,2622_Farwell_Ave-2026-03-14_16-40-32
2622_Farwell_00105.jpg,batch_1,2622_Farwell_Ave-2026-03-14_16-40-32
2622_Farwell_00110.jpg,batch_1,2622_Farwell_Ave-2026-03-14_16-40-32
2622_Farwell_00115.jpg,batch_1,2622_Farwell_Ave-2026-03-14_16-40-32
2622_Farwell_00120.jpg,batch_1,2622_Farwell_Ave-2026-03-14_16-40-32
2647_Glendale_00000.jpg,batch_1,2647_Glendale_Blvd-2026-03-14_16-34-31
2647_Glendale_00005.jpg,batch_1,2647_Glendale_Blvd-2026-03-14_16-34-31
2647_Glendale_00010.jpg,batch_1,2647_Glendale_Blvd-2026-03-14_16-34-31
2647_Glendale_00015.jpg,batch_1,2647_Glendale_Blvd-2026-03-14_16-34-31
2647_Glendale_00020.jpg,batch_1,2647_Glendale_Blvd-2026-03-14_16-34-31
2647_Glendale_00025.jpg,batch_1,2647_Glendale_Blvd-2026-03-14_16-34-31
2647_Glendale_00030.jpg,batch_1,2647_Glendale_Blvd-2026-03-14_16-34-31
2647_Glendale_00035.jpg,batch_1,2647_Glendale_Blvd-2026-03-14_16-34-31
2647_Glendale_00040.jpg,batch_1,2647_Glendale_Blvd-2026-03-14_16-34-31
2647_Glendale_00045.jpg,batch_1,2647_Glendale_Blvd-2026-03-14_16-34-31
2647_Glendale_00050.jpg,batch_1,2647_Glendale_Blvd-2026-03-14_16-34-31
2647_Glendale_00055.jpg,batch_1,2647_Glendale_Blvd-2026-03-14_16-34-31
2647_Glendale_00060.jpg,batch_1,2647_Glendale_Blvd-2026-03-14_16-34-31
2647_Glendale_00065.jpg,batch_1,2647_Glendale_Blvd-2026-03-14_16-34-31
2647_Glendale_00070.jpg,batch_1,2647_Glendale_Blvd-2026-03-14_16-34-31
2647_Glendale_00075.jpg,batch_1,2647_Glendale_Blvd-2026-03-14_16-34-31
2647_Glendale_00080.jpg,batch_1,2647_Glendale_Blvd-2026-03-14_16-34-31
2647_Glendale_00085.jpg,batch_1,2647_Glendale_Blvd-2026-03-14_16-34-31
2647_Glendale_00090.jpg,batch_1,2647_Glendale_Blvd-2026-03-14_16-34-31
2647_Glendale_00095.jpg,batch_1,2647_Glendale_Blvd-2026-03-14_16-34-31
2660_Waverly_00000.jpg,batch_1,2660_Waverly_Dr-2026-03-14_16-43-29
2660_Waverly_00005.jpg,batch_1,2660_Waverly_Dr-2026-03-14_16-43-29
2660_Waverly_00010.jpg,batch_1,2660_Waverly_Dr-2026-03-14_16-43-29
2660_Waverly_00015.jpg,batch_1,2660_Waverly_Dr-2026-03-14_16-43-29
2660_Waverly_00020.jpg,batch_1,2660_Waverly_Dr-2026-03-14_16-43-29
2660_Waverly_00025.jpg,batch_1,2660_Waverly_Dr-2026-03-14_16-43-29
2660_Waverly_00030.jpg,batch_1,2660_Waverly_Dr-2026-03-14_16-43-29
2660_Waverly_00035.jpg,batch_1,2660_Waverly_Dr-2026-03-14_16-43-29
2660_Waverly_00040.jpg,batch_1,2660_Waverly_Dr-2026-03-14_16-43-29
2660_Waverly_00045.jpg,batch_1,2660_Waverly_Dr-2026-03-14_16-43-29
2660_Waverly_00050.jpg,batch_1,2660_Waverly_Dr-2026-03-14_16-43-29
2660_Waverly_00055.jpg,batch_1,2660_Waverly_Dr-2026-03-14_16-43-29
2660_Waverly_00060.jpg,batch_1,2660_Waverly_Dr-2026-03-14_16-43-29
2660_Waverly_00065.jpg,batch_1,2660_Waverly_Dr-2026-03-14_16-43-29
2660_Waverly_00070.jpg,batch_1,2660_Waverly_Dr-2026-03-14_16-43-29
2660_Waverly_00075.jpg,batch_1,2660_Waverly_Dr-2026-03-14_16-43-29
2660_Waverly_00080.jpg,batch_1,2660_Waverly_Dr-2026-03-14_16-43-29
2660_Waverly_00085.jpg,batch_1,2660_Waverly_Dr-2026-03-14_16-43-29
2660_Waverly_00090.jpg,batch_1,2660_Waverly_Dr-2026-03-14_16-43-29
2660_Waverly_00095.jpg,batch_1,2660_Waverly_Dr-2026-03-14_16-43-29
2660_Waverly_00100.jpg,batch_1,2660_Waverly_Dr-2026-03-14_16-43-29
2660_Waverly_00105.jpg,batch_1,2660_Waverly_Dr-2026-03-14_16-43-29
2667_Glendale_00000.jpg,batch_1,2667_Glendale_Blvd-2026-03-14_16-32-20
2667_Glendale_00005.jpg,batch_1,2667_Glendale_Blvd-2026-03-14_16-32-20
2667_Glendale_00010.jpg,batch_1,2667_Glendale_Blvd-2026-03-14_16-32-20
2667_Glendale_00015.jpg,batch_1,2667_Glendale_Blvd-2026-03-14_16-32-20
2667_Glendale_00020.jpg,batch_1,2667_Glendale_Blvd-2026-03-14_16-32-20
2667_Glendale_00025.jpg,batch_1,2667_Glendale_Blvd-2026-03-14_16-32-20
2667_Glendale_00030.jpg,batch_1,2667_Glendale_Blvd-2026-03-14_16-32-20
2667_Glendale_00035.jpg,batch_1,2667_Glendale_Blvd-2026-03-14_16-32-20
2667_Glendale_00040.jpg,batch_1,2667_Glendale_Blvd-2026-03-14_16-32-20
2667_Glendale_00045.jpg,batch_1,2667_Glendale_Blvd-2026-03-14_16-32-20
2667_Glendale_00050.jpg,batch_1,2667_Glendale_Blvd-2026-03-14_16-32-20
2667_Glendale_00055.jpg,batch_1,2667_Glendale_Blvd-2026-03-14_16-32-20
2667_Glendale_00060.jpg,batch_1,2667_Glendale_Blvd-2026-03-14_16-32-20
2667_Glendale_00065.jpg,batch_1,2667_Glendale_Blvd-2026-03-14_16-32-20
2667_Glendale_00070.jpg,batch_1,2667_Glendale_Blvd-2026-03-14_16-32-20
2667_Glendale_00075.jpg,batch_1,2667_Glendale_Blvd-2026-03-14_16-32-20
2667_Glendale_00080.jpg,batch_1,2667_Glendale_Blvd-2026-03-14_16-32-20
2670_2698_00000.jpg,batch_1,2670_2698_Farwell_Ave-2026-03-14_16-37-50
2670_2698_00005.jpg,batch_1,2670_2698_Farwell_Ave-2026-03-14_16-37-50
2670_2698_00010.jpg,batch_1,2670_2698_Farwell_Ave-2026-03-14_16-37-50
2670_2698_00015.jpg,batch_1,2670_2698_Farwell_Ave-2026-03-14_16-37-50
2670_2698_00020.jpg,batch_1,2670_2698_Farwell_Ave-2026-03-14_16-37-50
2670_2698_00025.jpg,batch_1,2670_2698_Farwell_Ave-2026-03-14_16-37-50
2670_2698_00030.jpg,batch_1,2670_2698_Farwell_Ave-2026-03-14_16-37-50
2670_2698_00035.jpg,batch_1,2670_2698_Farwell_Ave-2026-03-14_16-37-50
2670_2698_00040.jpg,batch_1,2670_2698_Farwell_Ave-2026-03-14_16-37-50
2670_2698_00045.jpg,batch_1,2670_2698_Farwell_Ave-2026-03-14_16-37-50
2670_2698_00050.jpg,batch_1,2670_2698_Farwell_Ave-2026-03-14_16-37-50
2670_2698_00055.jpg,batch_1,2670_2698_Farwell_Ave-2026-03-14_16-37-50
2670_2698_00060.jpg,batch_1,2670_2698_Farwell_Ave-2026-03-14_16-37-50
2670_2698_00065.jpg,batch_1,2670_2698_Farwell_Ave-2026-03-14_16-37-50
2670_2698_00070.jpg,batch_1,2670_2698_Farwell_Ave-2026-03-14_16-37-50
2670_2698_00075.jpg,batch_1,2670_2698_Farwell_Ave-2026-03-14_16-37-50
2670_2698_00080.jpg,batch_1,2670_2698_Farwell_Ave-2026-03-14_16-37-50
2670_2698_00085.jpg,batch_1,2670_2698_Farwell_Ave-2026-03-14_16-37-50
2706_Waverly_00000.jpg,batch_1,2706_Waverly_Dr-2026-03-14_16-46-00
2706_Waverly_00005.jpg,batch_1,2706_Waverly_Dr-2026-03-14_16-46-00
2706_Waverly_00010.jpg,batch_1,2706_Waverly_Dr-2026-03-14_16-46-00
2706_Waverly_00015.jpg,batch_1,2706_Waverly_Dr-2026-03-14_16-46-00
2706_Waverly_00020.jpg,batch_1,2706_Waverly_Dr-2026-03-14_16-46-00
2706_Waverly_00025.jpg,batch_1,2706_Waverly_Dr-2026-03-14_16-46-00
2706_Waverly_00030.jpg,batch_1,2706_Waverly_Dr-2026-03-14_16-46-00
2706_Waverly_00035.jpg,batch_1,2706_Waverly_Dr-2026-03-14_16-46-00
2706_Waverly_00040.jpg,batch_1,2706_Waverly_Dr-2026-03-14_16-46-00
2706_Waverly_00045.jpg,batch_1,2706_Waverly_Dr-2026-03-14_16-46-00
2706_Waverly_00050.jpg,batch_1,2706_Waverly_Dr-2026-03-14_16-46-00
2706_Waverly_00055.jpg,batch_1,2706_Waverly_Dr-2026-03-14_16-46-00
2706_Waverly_00060.jpg,batch_1,2706_Waverly_Dr-2026-03-14_16-46-00
2706_Waverly_00065.jpg,batch_1,2706_Waverly_Dr-2026-03-14_16-46-00
2706_Waverly_00070.jpg,batch_1,2706_Waverly_Dr-2026-03-14_16-46-00
2706_Waverly_00075.jpg,batch_1,2706_Waverly_Dr-2026-03-14_16-46-00
2706_Waverly_00080.jpg,batch_1,2706_Waverly_Dr-2026-03-14_16-46-00
2706_Waverly_00085.jpg,batch_1,2706_Waverly_Dr-2026-03-14_16-46-00
2715_Glendale_00000.jpg,batch_1,2715_Glendale_Blvd-2026-03-14_16-29-52
2715_Glendale_00005.jpg,batch_1,2715_Glendale_Blvd-2026-03-14_16-29-52
2715_Glendale_00010.jpg,batch_1,2715_Glendale_Blvd-2026-03-14_16-29-52
2715_Glendale_00015.jpg,batch_1,2715_Glendale_Blvd-2026-03-14_16-29-52
2715_Glendale_00020.jpg,batch_1,2715_Glendale_Blvd-2026-03-14_16-29-52
2715_Glendale_00025.jpg,batch_1,2715_Glendale_Blvd-2026-03-14_16-29-52
2715_Glendale_00030.jpg,batch_1,2715_Glendale_Blvd-2026-03-14_16-29-52
2715_Glendale_00035.jpg,batch_1,2715_Glendale_Blvd-2026-03-14_16-29-52
2715_Glendale_00040.jpg,batch_1,2715_Glendale_Blvd-2026-03-14_16-29-52
2715_Glendale_00045.jpg,batch_1,2715_Glendale_Blvd-2026-03-14_16-29-52
2715_Glendale_00050.jpg,batch_1,2715_Glendale_Blvd-2026-03-14_16-29-52
2715_Glendale_00055.jpg,batch_1,2715_Glendale_Blvd-2026-03-14_16-29-52
2715_Glendale_00060.jpg,batch_1,2715_Glendale_Blvd-2026-03-14_16-29-52
2715_Glendale_00065.jpg,batch_1,2715_Glendale_Blvd-2026-03-14_16-29-52
2740_Waverly_00000.jpg,batch_1,2740_Waverly_Dr-2026-03-14_16-48-36
2740_Waverly_00005.jpg,batch_1,2740_Waverly_Dr-2026-03-14_16-48-36
2740_Waverly_00010.jpg,batch_1,2740_Waverly_Dr-2026-03-14_16-48-36
2740_Waverly_00015.jpg,batch_1,2740_Waverly_Dr-2026-03-14_16-48-36
2740_Waverly_00020.jpg,batch_1,2740_Waverly_Dr-2026-03-14_16-48-36
2740_Waverly_00025.jpg,batch_1,2740_Waverly_Dr-2026-03-14_16-48-36
2740_Waverly_00030.jpg,batch_1,2740_Waverly_Dr-2026-03-14_16-48-36
2740_Waverly_00035.jpg,batch_1,2740_Waverly_Dr-2026-03-14_16-48-36
2740_Waverly_00040.jpg,batch_1,2740_Waverly_Dr-2026-03-14_16-48-36
2740_Waverly_00045.jpg,batch_1,2740_Waverly_Dr-2026-03-14_16-48-36
2740_Waverly_00050.jpg,batch_1,2740_Waverly_Dr-2026-03-14_16-48-36
2740_Waverly_00055.jpg,batch_1,2740_Waverly_Dr-2026-03-14_16-48-36
2740_Waverly_00060.jpg,batch_1,2740_Waverly_Dr-2026-03-14_16-48-36
2740_Waverly_00065.jpg,batch_1,2740_Waverly_Dr-2026-03-14_16-48-36
2740_Waverly_00070.jpg,batch_1,2740_Waverly_Dr-2026-03-14_16-48-36
2740_Waverly_00075.jpg,batch_1,2740_Waverly_Dr-2026-03-14_16-48-36
2740_Waverly_00080.jpg,batch_1,2740_Waverly_Dr-2026-03-14_16-48-36
2748_2756_00000.jpg,batch_1,2748_2756_Waverly_Dr-2026-03-14_16-11-39
2748_2756_00005.jpg,batch_1,2748_2756_Waverly_Dr-2026-03-14_16-11-39
2748_2756_00010.jpg,batch_1,2748_2756_Waverly_Dr-2026-03-14_16-11-39
2748_2756_00015.jpg,batch_1,2748_2756_Waverly_Dr-2026-03-14_16-11-39
2748_2756_00020.jpg,batch_1,2748_2756_Waverly_Dr-2026-03-14_16-11-39
2748_2756_00025.jpg,batch_1,2748_2756_Waverly_Dr-2026-03-14_16-11-39
2748_2756_00030.jpg,batch_1,2748_2756_Waverly_Dr-2026-03-14_16-11-39
2748_2756_00035.jpg,batch_1,2748_2756_Waverly_Dr-2026-03-14_16-11-39
2748_2756_00040.jpg,batch_1,2748_2756_Waverly_Dr-2026-03-14_16-11-39
2748_2756_00045.jpg,batch_1,2748_2756_Waverly_Dr-2026-03-14_16-11-39
2748_2756_00050.jpg,batch_1,2748_2756_Waverly_Dr-2026-03-14_16-11-39
2748_2756_00055.jpg,batch_1,2748_2756_Waverly_Dr-2026-03-14_16-11-39
2748_2756_00060.jpg,batch_1,2748_2756_Waverly_Dr-2026-03-14_16-11-39
2748_2756_00065.jpg,batch_1,2748_2756_Waverly_Dr-2026-03-14_16-11-39
2748_2756_00070.jpg,batch_1,2748_2756_Waverly_Dr-2026-03-14_16-11-39
2748_2756_00075.jpg,batch_1,2748_2756_Waverly_Dr-2026-03-14_16-11-39
2748_2756_00080.jpg,batch_1,2748_2756_Waverly_Dr-2026-03-14_16-11-39
2748_2756_00085.jpg,batch_1,2748_2756_Waverly_Dr-2026-03-14_16-11-39
2748_2756_00090.jpg,batch_1,2748_2756_Waverly_Dr-2026-03-14_16-11-39
2810_Glendale_00000.jpg,batch_1,2810_Glendale_Blvd-2026-03-14_16-20-16
2810_Glendale_00005.jpg,batch_1,2810_Glendale_Blvd-2026-03-14_16-20-16
2810_Glendale_00010.jpg,batch_1,2810_Glendale_Blvd-2026-03-14_16-20-16
2810_Glendale_00015.jpg,batch_1,2810_Glendale_Blvd-2026-03-14_16-20-16
2810_Glendale_00020.jpg,batch_1,2810_Glendale_Blvd-2026-03-14_16-20-16
2810_Glendale_00025.jpg,batch_1,2810_Glendale_Blvd-2026-03-14_16-20-16
2810_Glendale_00030.jpg,batch_1,2810_Glendale_Blvd-2026-03-14_16-20-16
2810_Glendale_00035.jpg,batch_1,2810_Glendale_Blvd-2026-03-14_16-20-16
2810_Glendale_00040.jpg,batch_1,2810_Glendale_Blvd-2026-03-14_16-20-16
2810_Glendale_00045.jpg,batch_1,2810_Glendale_Blvd-2026-03-14_16-20-16
2810_Glendale_00050.jpg,batch_1,2810_Glendale_Blvd-2026-03-14_16-20-16
2810_Glendale_00055.jpg,batch_1,2810_Glendale_Blvd-2026-03-14_16-20-16
2810_Glendale_00060.jpg,batch_1,2810_Glendale_Blvd-2026-03-14_16-20-16
2810_Glendale_00065.jpg,batch_1,2810_Glendale_Blvd-2026-03-14_16-20-16
2810_Glendale_00070.jpg,batch_1,2810_Glendale_Blvd-2026-03-14_16-20-16
2810_Glendale_00075.jpg,batch_1,2810_Glendale_Blvd-2026-03-14_16-20-16
2810_Glendale_00080.jpg,batch_1,2810_Glendale_Blvd-2026-03-14_16-20-16
2810_Glendale_00085.jpg,batch_1,2810_Glendale_Blvd-2026-03-14_16-20-16
2810_Glendale_00090.jpg,batch_1,2810_Glendale_Blvd-2026-03-14_16-20-16
2810_Glendale_00095.jpg,batch_1,2810_Glendale_Blvd-2026-03-14_16-20-16
2810_Glendale_00100.jpg,batch_1,2810_Glendale_Blvd-2026-03-14_16-20-16
2810_Glendale_00105.jpg,batch_1,2810_Glendale_Blvd-2026-03-14_16-20-16
2810_Glendale_00110.jpg,batch_1,2810_Glendale_Blvd-2026-03-14_16-20-16
2810_Glendale_00115.jpg,batch_1,2810_Glendale_Blvd-2026-03-14_16-20-16
2600_2668_00000.jpg,batch_2,2600_2668_Farwell_Ave-2026-03-22_18-34-18
2600_2668_00005.jpg,batch_2,2600_2668_Farwell_Ave-2026-03-22_18-34-18
2600_2668_00010.jpg,batch_2,2600_2668_Farwell_Ave-2026-03-22_18-34-18
2600_2668_00015.jpg,batch_2,2600_2668_Farwell_Ave-2026-03-22_18-34-18
2600_2668_00020.jpg,batch_2,2600_2668_Farwell_Ave-2026-03-22_18-34-18
2600_2668_00025.jpg,batch_2,2600_2668_Farwell_Ave-2026-03-22_18-34-18
2600_2668_00030.jpg,batch_2,2600_2668_Farwell_Ave-2026-03-22_18-34-18
2600_2668_00035.jpg,batch_2,2600_2668_Farwell_Ave-2026-03-22_18-34-18
2600_2668_00040.jpg,batch_2,2600_2668_Farwell_Ave-2026-03-22_18-34-18
2600_2668_00045.jpg,batch_2,2600_2668_Farwell_Ave-2026-03-22_18-34-18
2600_2668_00050.jpg,batch_2,2600_2668_Farwell_Ave-2026-03-22_18-34-18
2600_2668_00055.jpg,batch_2,2600_2668_Farwell_Ave-2026-03-22_18-34-18
2600_2668_00060.jpg,batch_2,2600_2668_Farwell_Ave-2026-03-22_18-34-18
2600_Locksley_00000.jpg,batch_2,2600_Locksley_Pl-2026-03-22_18-38-21
2600_Locksley_00005.jpg,batch_2,2600_Locksley_Pl-2026-03-22_18-38-21
2600_Locksley_00010.jpg,batch_2,2600_Locksley_Pl-2026-03-22_18-38-21
2600_Locksley_00015.jpg,batch_2,2600_Locksley_Pl-2026-03-22_18-38-21
2600_Locksley_00020.jpg,batch_2,2600_Locksley_Pl-2026-03-22_18-38-21
2600_Locksley_00025.jpg,batch_2,2600_Locksley_Pl-2026-03-22_18-38-21
2600_Locksley_00030.jpg,batch_2,2600_Locksley_Pl-2026-03-22_18-38-21
2600_Locksley_00035.jpg,batch_2,2600_Locksley_Pl-2026-03-22_18-38-21
2600_Locksley_00040.jpg,batch_2,2600_Locksley_Pl-2026-03-22_18-38-21
2600_Locksley_00045.jpg,batch_2,2600_Locksley_Pl-2026-03-22_18-38-21
2600_Locksley_00050.jpg,batch_2,2600_Locksley_Pl-2026-03-22_18-38-21
2600_Locksley_00055.jpg,batch_2,2600_Locksley_Pl-2026-03-22_18-38-21
2600_Locksley_00060.jpg,batch_2,2600_Locksley_Pl-2026-03-22_18-38-21
2600_Locksley_00065.jpg,batch_2,2600_Locksley_Pl-2026-03-22_18-38-21
2600_Locksley_00070.jpg,batch_2,2600_Locksley_Pl-2026-03-22_18-38-21
2600_Locksley_00075.jpg,batch_2,2600_Locksley_Pl-2026-03-22_18-38-21
2600_Locksley_00080.jpg,batch_2,2600_Locksley_Pl-2026-03-22_18-38-21
2600_Locksley_00085.jpg,batch_2,2600_Locksley_Pl-2026-03-22_18-38-21
2600_Locksley_00090.jpg,batch_2,2600_Locksley_Pl-2026-03-22_18-38-21
2600_Locksley_00095.jpg,batch_2,2600_Locksley_Pl-2026-03-22_18-38-21
2600_Locksley_00100.jpg,batch_2,2600_Locksley_Pl-2026-03-22_18-38-21
2600_Locksley_00105.jpg,batch_2,2600_Locksley_Pl-2026-03-22_18-38-21
2600_Locksley_00110.jpg,batch_2,2600_Locksley_Pl-2026-03-22_18-38-21
2600_Locksley_00115.jpg,batch_2,2600_Locksley_Pl-2026-03-22_18-38-21
2600_Locksley_00120.jpg,batch_2,2600_Locksley_Pl-2026-03-22_18-38-21
2606_Waverly_00000.jpg,batch_2,2606_Waverly_Dr-2026-03-22_18-29-37
2606_Waverly_00005.jpg,batch_2,2606_Waverly_Dr-2026-03-22_18-29-37
2606_Waverly_00010.jpg,batch_2,2606_Waverly_Dr-2026-03-22_18-29-37
2606_Waverly_00015.jpg,batch_2,2606_Waverly_Dr-2026-03-22_18-29-37
2606_Waverly_00020.jpg,batch_2,2606_Waverly_Dr-2026-03-22_18-29-37
2606_Waverly_00025.jpg,batch_2,2606_Waverly_Dr-2026-03-22_18-29-37
2606_Waverly_00030.jpg,batch_2,2606_Waverly_Dr-2026-03-22_18-29-37
2606_Waverly_00035.jpg,batch_2,2606_Waverly_Dr-2026-03-22_18-29-37
2606_Waverly_00040.jpg,batch_2,2606_Waverly_Dr-2026-03-22_18-29-37
2606_Waverly_00045.jpg,batch_2,2606_Waverly_Dr-2026-03-22_18-29-37
2606_Waverly_00050.jpg,batch_2,2606_Waverly_Dr-2026-03-22_18-29-37
2606_Waverly_00055.jpg,batch_2,2606_Waverly_Dr-2026-03-22_18-29-37
2606_Waverly_00060.jpg,batch_2,2606_Waverly_Dr-2026-03-22_18-29-37
2606_Waverly_00065.jpg,batch_2,2606_Waverly_Dr-2026-03-22_18-29-37
2606_Waverly_00070.jpg,batch_2,2606_Waverly_Dr-2026-03-22_18-29-37
2606_Waverly_00075.jpg,batch_2,2606_Waverly_Dr-2026-03-22_18-29-37
2606_Waverly_00080.jpg,batch_2,2606_Waverly_Dr-2026-03-22_18-29-37
2606_Waverly_00085.jpg,batch_2,2606_Waverly_Dr-2026-03-22_18-29-37
2606_Waverly_00090.jpg,batch_2,2606_Waverly_Dr-2026-03-22_18-29-37
2606_Waverly_00095.jpg,batch_2,2606_Waverly_Dr-2026-03-22_18-29-37
2606_Waverly_00100.jpg,batch_2,2606_Waverly_Dr-2026-03-22_18-29-37
2606_Waverly_00105.jpg,batch_2,2606_Waverly_Dr-2026-03-22_18-29-37
2626_Locksley_00000.jpg,batch_2,2626_Locksley_Pl-2026-03-22_18-35-47
2626_Locksley_00005.jpg,batch_2,2626_Locksley_Pl-2026-03-22_18-35-47
2626_Locksley_00010.jpg,batch_2,2626_Locksley_Pl-2026-03-22_18-35-47
2626_Locksley_00015.jpg,batch_2,2626_Locksley_Pl-2026-03-22_18-35-47
2626_Locksley_00020.jpg,batch_2,2626_Locksley_Pl-2026-03-22_18-35-47
2626_Locksley_00025.jpg,batch_2,2626_Locksley_Pl-2026-03-22_18-35-47
2626_Locksley_00030.jpg,batch_2,2626_Locksley_Pl-2026-03-22_18-35-47
2626_Locksley_00035.jpg,batch_2,2626_Locksley_Pl-2026-03-22_18-35-47
2626_Locksley_00040.jpg,batch_2,2626_Locksley_Pl-2026-03-22_18-35-47
2626_Locksley_00045.jpg,batch_2,2626_Locksley_Pl-2026-03-22_18-35-47
2626_Locksley_00050.jpg,batch_2,2626_Locksley_Pl-2026-03-22_18-35-47
2626_Locksley_00055.jpg,batch_2,2626_Locksley_Pl-2026-03-22_18-35-47
2626_Locksley_00060.jpg,batch_2,2626_Locksley_Pl-2026-03-22_18-35-47
2626_Locksley_00065.jpg,batch_2,2626_Locksley_Pl-2026-03-22_18-35-47
2626_Locksley_00070.jpg,batch_2,2626_Locksley_Pl-2026-03-22_18-35-47
2626_Waverly_00000.jpg,batch_2,2626_Waverly_Dr-2026-03-22_18-26-36
2626_Waverly_00005.jpg,batch_2,2626_Waverly_Dr-2026-03-22_18-26-36
2626_Waverly_00010.jpg,batch_2,2626_Waverly_Dr-2026-03-22_18-26-36
2626_Waverly_00015.jpg,batch_2,2626_Waverly_Dr-2026-03-22_18-26-36
2626_Waverly_00020.jpg,batch_2,2626_Waverly_Dr-2026-03-22_18-26-36
2626_Waverly_00025.jpg,batch_2,2626_Waverly_Dr-2026-03-22_18-26-36
2626_Waverly_00030.jpg,batch_2,2626_Waverly_Dr-2026-03-22_18-26-36
2626_Waverly_00035.jpg,batch_2,2626_Waverly_Dr-2026-03-22_18-26-36
2626_Waverly_00040.jpg,batch_2,2626_Waverly_Dr-2026-03-22_18-26-36
2626_Waverly_00045.jpg,batch_2,2626_Waverly_Dr-2026-03-22_18-26-36
2626_Waverly_00050.jpg,batch_2,2626_Waverly_Dr-2026-03-22_18-26-36
2626_Waverly_00055.jpg,batch_2,2626_Waverly_Dr-2026-03-22_18-26-36
2626_Waverly_00060.jpg,batch_2,2626_Waverly_Dr-2026-03-22_18-26-36
2626_Waverly_00065.jpg,batch_2,2626_Waverly_Dr-2026-03-22_18-26-36
2626_Waverly_00070.jpg,batch_2,2626_Waverly_Dr-2026-03-22_18-26-36
2626_Waverly_00075.jpg,batch_2,2626_Waverly_Dr-2026-03-22_18-26-36
2626_Waverly_00080.jpg,batch_2,2626_Waverly_Dr-2026-03-22_18-26-36
2626_Waverly_00085.jpg,batch_2,2626_Waverly_Dr-2026-03-22_18-26-36
2626_Waverly_00090.jpg,batch_2,2626_Waverly_Dr-2026-03-22_18-26-36
2626_Waverly_00095.jpg,batch_2,2626_Waverly_Dr-2026-03-22_18-26-36
2626_Waverly_00100.jpg,batch_2,2626_Waverly_Dr-2026-03-22_18-26-36
2626_Waverly_00105.jpg,batch_2,2626_Waverly_Dr-2026-03-22_18-26-36
2626_Waverly_00110.jpg,batch_2,2626_Waverly_Dr-2026-03-22_18-26-36
2626_Waverly_00115.jpg,batch_2,2626_Waverly_Dr-2026-03-22_18-26-36
2626_Waverly_00120.jpg,batch_2,2626_Waverly_Dr-2026-03-22_18-26-36
2626_Waverly_00125.jpg,batch_2,2626_Waverly_Dr-2026-03-22_18-26-36
2626_Waverly_00130.jpg,batch_2,2626_Waverly_Dr-2026-03-22_18-26-36
2626_Waverly_00135.jpg,batch_2,2626_Waverly_Dr-2026-03-22_18-26-36
2626_Waverly_00140.jpg,batch_2,2626_Waverly_Dr-2026-03-22_18-26-36
2640_Locksley_00000.jpg,batch_2,2640_Locksley_Pl-2026-03-22_18-41-12
2640_Locksley_00005.jpg,batch_2,2640_Locksley_Pl-2026-03-22_18-41-12
2640_Locksley_00010.jpg,batch_2,2640_Locksley_Pl-2026-03-22_18-41-12
2640_Locksley_00015.jpg,batch_2,2640_Locksley_Pl-2026-03-22_18-41-12
2640_Locksley_00020.jpg,batch_2,2640_Locksley_Pl-2026-03-22_18-41-12
2640_Locksley_00025.jpg,batch_2,2640_Locksley_Pl-2026-03-22_18-41-12
2640_Locksley_00030.jpg,batch_2,2640_Locksley_Pl-2026-03-22_18-41-12
2640_Locksley_00035.jpg,batch_2,2640_Locksley_Pl-2026-03-22_18-41-12
2653_Locksley_00000.jpg,batch_2,2653_Locksley_Pl-2026-03-22_18-33-08
2653_Locksley_00005.jpg,batch_2,2653_Locksley_Pl-2026-03-22_18-33-08
2653_Locksley_00010.jpg,batch_2,2653_Locksley_Pl-2026-03-22_18-33-08
2653_Locksley_00015.jpg,batch_2,2653_Locksley_Pl-2026-03-22_18-33-08
2653_Locksley_00020.jpg,batch_2,2653_Locksley_Pl-2026-03-22_18-33-08
2653_Locksley_00025.jpg,batch_2,2653_Locksley_Pl-2026-03-22_18-33-08
2653_Locksley_00030.jpg,batch_2,2653_Locksley_Pl-2026-03-22_18-33-08
2653_Locksley_00035.jpg,batch_2,2653_Locksley_Pl-2026-03-22_18-33-08
2653_Locksley_00040.jpg,batch_2,2653_Locksley_Pl-2026-03-22_18-33-08
2655_Locksley_00000.jpg,batch_2,2655_Locksley_Pl-2026-03-22_18-42-37
2655_Locksley_00005.jpg,batch_2,2655_Locksley_Pl-2026-03-22_18-42-37
2655_Locksley_00010.jpg,batch_2,2655_Locksley_Pl-2026-03-22_18-42-37
2655_Locksley_00015.jpg,batch_2,2655_Locksley_Pl-2026-03-22_18-42-37
2655_Locksley_00020.jpg,batch_2,2655_Locksley_Pl-2026-03-22_18-42-37
2655_Locksley_00025.jpg,batch_2,2655_Locksley_Pl-2026-03-22_18-42-37
2655_Locksley_00030.jpg,batch_2,2655_Locksley_Pl-2026-03-22_18-42-37
2655_Locksley_00035.jpg,batch_2,2655_Locksley_Pl-2026-03-22_18-42-37
2655_Locksley_00040.jpg,batch_2,2655_Locksley_Pl-2026-03-22_18-42-37
2655_Locksley_00045.jpg,batch_2,2655_Locksley_Pl-2026-03-22_18-42-37
2655_Locksley_00050.jpg,batch_2,2655_Locksley_Pl-2026-03-22_18-42-37
2655_Locksley_00055.jpg,batch_2,2655_Locksley_Pl-2026-03-22_18-42-37
2655_Locksley_00060.jpg,batch_2,2655_Locksley_Pl-2026-03-22_18-42-37
2655_Locksley_00065.jpg,batch_2,2655_Locksley_Pl-2026-03-22_18-42-37
2655_Locksley_00070.jpg,batch_2,2655_Locksley_Pl-2026-03-22_18-42-37
2655_Locksley_00075.jpg,batch_2,2655_Locksley_Pl-2026-03-22_18-42-37
2655_Locksley_00080.jpg,batch_2,2655_Locksley_Pl-2026-03-22_18-42-37
2655_Locksley_00085.jpg,batch_2,2655_Locksley_Pl-2026-03-22_18-42-37
2655_Locksley_00090.jpg,batch_2,2655_Locksley_Pl-2026-03-22_18-42-37
2655_Locksley_00095.jpg,batch_2,2655_Locksley_Pl-2026-03-22_18-42-37
2655_Locksley_00100.jpg,batch_2,2655_Locksley_Pl-2026-03-22_18-42-37
2655_Locksley_00105.jpg,batch_2,2655_Locksley_Pl-2026-03-22_18-42-37
2655_Locksley_00110.jpg,batch_2,2655_Locksley_Pl-2026-03-22_18-42-37
2655_Locksley_00115.jpg,batch_2,2655_Locksley_Pl-2026-03-22_18-42-37
2655_Locksley_00120.jpg,batch_2,2655_Locksley_Pl-2026-03-22_18-42-37
2655_Locksley_00125.jpg,batch_2,2655_Locksley_Pl-2026-03-22_18-42-37
2655_Locksley_00130.jpg,batch_2,2655_Locksley_Pl-2026-03-22_18-42-37
2655_Locksley_00135.jpg,batch_2,2655_Locksley_Pl-2026-03-22_18-42-37
2655_Locksley_00140.jpg,batch_2,2655_Locksley_Pl-2026-03-22_18-42-37
2664_Locksley_00000.jpg,batch_2,2664_Locksley_Pl-2026-03-22_18-23-50
2664_Locksley_00005.jpg,batch_2,2664_Locksley_Pl-2026-03-22_18-23-50
2664_Locksley_00010.jpg,batch_2,2664_Locksley_Pl-2026-03-22_18-23-50
2664_Locksley_00015.jpg,batch_2,2664_Locksley_Pl-2026-03-22_18-23-50
2664_Locksley_00020.jpg,batch_2,2664_Locksley_Pl-2026-03-22_18-23-50
2664_Locksley_00025.jpg,batch_2,2664_Locksley_Pl-2026-03-22_18-23-50
2664_Locksley_00030.jpg,batch_2,2664_Locksley_Pl-2026-03-22_18-23-50
2664_Locksley_00035.jpg,batch_2,2664_Locksley_Pl-2026-03-22_18-23-50
2664_Locksley_00040.jpg,batch_2,2664_Locksley_Pl-2026-03-22_18-23-50
2664_Locksley_00045.jpg,batch_2,2664_Locksley_Pl-2026-03-22_18-23-50
2664_Locksley_00050.jpg,batch_2,2664_Locksley_Pl-2026-03-22_18-23-50
2664_Locksley_00055.jpg,batch_2,2664_Locksley_Pl-2026-03-22_18-23-50
2664_Locksley_00060.jpg,batch_2,2664_Locksley_Pl-2026-03-22_18-23-50
2664_Locksley_00065.jpg,batch_2,2664_Locksley_Pl-2026-03-22_18-23-50
2664_Locksley_00070.jpg,batch_2,2664_Locksley_Pl-2026-03-22_18-23-50
2664_Locksley_00075.jpg,batch_2,2664_Locksley_Pl-2026-03-22_18-23-50
2664_Locksley_00080.jpg,batch_2,2664_Locksley_Pl-2026-03-22_18-23-50
2664_Locksley_00085.jpg,batch_2,2664_Locksley_Pl-2026-03-22_18-23-50
2664_Locksley_00090.jpg,batch_2,2664_Locksley_Pl-2026-03-22_18-23-50
2664_Locksley_00095.jpg,batch_2,2664_Locksley_Pl-2026-03-22_18-23-50
2664_Locksley_00100.jpg,batch_2,2664_Locksley_Pl-2026-03-22_18-23-50
2664_Locksley_00105.jpg,batch_2,2664_Locksley_Pl-2026-03-22_18-23-50
2664_Locksley_00110.jpg,batch_2,2664_Locksley_Pl-2026-03-22_18-23-50
2677_Locksley_00000.jpg,batch_2,2677_Locksley_Pl-2026-03-22_18-58-16
2677_Locksley_00005.jpg,batch_2,2677_Locksley_Pl-2026-03-22_18-58-16
2677_Locksley_00010.jpg,batch_2,2677_Locksley_Pl-2026-03-22_18-58-16
2677_Locksley_00015.jpg,batch_2,2677_Locksley_Pl-2026-03-22_18-58-16
2677_Locksley_00020.jpg,batch_2,2677_Locksley_Pl-2026-03-22_18-58-16
2677_Locksley_00025.jpg,batch_2,2677_Locksley_Pl-2026-03-22_18-58-16
2677_Locksley_00030.jpg,batch_2,2677_Locksley_Pl-2026-03-22_18-58-16
2677_Locksley_00035.jpg,batch_2,2677_Locksley_Pl-2026-03-22_18-58-16
2677_Locksley_00040.jpg,batch_2,2677_Locksley_Pl-2026-03-22_18-58-16
2677_Locksley_00045.jpg,batch_2,2677_Locksley_Pl-2026-03-22_18-58-16
2677_Locksley_00050.jpg,batch_2,2677_Locksley_Pl-2026-03-22_18-58-16
2677_Locksley_00055.jpg,batch_2,2677_Locksley_Pl-2026-03-22_18-58-16
2677_Locksley_00060.jpg,batch_2,2677_Locksley_Pl-2026-03-22_18-58-16
2677_Locksley_00065.jpg,batch_2,2677_Locksley_Pl-2026-03-22_18-58-16
2677_Locksley_00070.jpg,batch_2,2677_Locksley_Pl-2026-03-22_18-58-16
2677_Locksley_00075.jpg,batch_2,2677_Locksley_Pl-2026-03-22_18-58-16
2683_Waverly_00000.jpg,batch_2,2683_Waverly_Dr-2026-03-22_18-21-58
2683_Waverly_00005.jpg,batch_2,2683_Waverly_Dr-2026-03-22_18-21-58
2683_Waverly_00010.jpg,batch_2,2683_Waverly_Dr-2026-03-22_18-21-58
2683_Waverly_00015.jpg,batch_2,2683_Waverly_Dr-2026-03-22_18-21-58
2683_Waverly_00020.jpg,batch_2,2683_Waverly_Dr-2026-03-22_18-21-58
2683_Waverly_00025.jpg,batch_2,2683_Waverly_Dr-2026-03-22_18-21-58
2683_Waverly_00030.jpg,batch_2,2683_Waverly_Dr-2026-03-22_18-21-58
2683_Waverly_00035.jpg,batch_2,2683_Waverly_Dr-2026-03-22_18-21-58
2683_Waverly_00040.jpg,batch_2,2683_Waverly_Dr-2026-03-22_18-21-58
2683_Waverly_00045.jpg,batch_2,2683_Waverly_Dr-2026-03-22_18-21-58
2683_Waverly_00050.jpg,batch_2,2683_Waverly_Dr-2026-03-22_18-21-58
2683_Waverly_00055.jpg,batch_2,2683_Waverly_Dr-2026-03-22_18-21-58
2683_Waverly_00060.jpg,batch_2,2683_Waverly_Dr-2026-03-22_18-21-58
2683_Waverly_00065.jpg,batch_2,2683_Waverly_Dr-2026-03-22_18-21-58
2683_Waverly_00070.jpg,batch_2,2683_Waverly_Dr-2026-03-22_18-21-58
2683_Waverly_00075.jpg,batch_2,2683_Waverly_Dr-2026-03-22_18-21-58
2683_Waverly_00080.jpg,batch_2,2683_Waverly_Dr-2026-03-22_18-21-58
2706_Locksley_00000.jpg,batch_2,2706_Locksley_Pl-2026-03-22_18-47-20
2706_Locksley_00005.jpg,batch_2,2706_Locksley_Pl-2026-03-22_18-47-20
2706_Locksley_00010.jpg,batch_2,2706_Locksley_Pl-2026-03-22_18-47-20
2706_Locksley_00015.jpg,batch_2,2706_Locksley_Pl-2026-03-22_18-47-20
2706_Locksley_00020.jpg,batch_2,2706_Locksley_Pl-2026-03-22_18-47-20
2706_Locksley_00025.jpg,batch_2,2706_Locksley_Pl-2026-03-22_18-47-20
2706_Locksley_00030.jpg,batch_2,2706_Locksley_Pl-2026-03-22_18-47-20
2706_Locksley_00035.jpg,batch_2,2706_Locksley_Pl-2026-03-22_18-47-20
2706_Locksley_00040.jpg,batch_2,2706_Locksley_Pl-2026-03-22_18-47-20
2706_Locksley_00045.jpg,batch_2,2706_Locksley_Pl-2026-03-22_18-47-20
2706_Locksley_00050.jpg,batch_2,2706_Locksley_Pl-2026-03-22_18-47-20
2706_Locksley_00055.jpg,batch_2,2706_Locksley_Pl-2026-03-22_18-47-20
2706_Locksley_00060.jpg,batch_2,2706_Locksley_Pl-2026-03-22_18-47-20
2706_Locksley_00065.jpg,batch_2,2706_Locksley_Pl-2026-03-22_18-47-20
2706_Locksley_00070.jpg,batch_2,2706_Locksley_Pl-2026-03-22_18-47-20
2706_Locksley_00075.jpg,batch_2,2706_Locksley_Pl-2026-03-22_18-47-20
2706_Locksley_00080.jpg,batch_2,2706_Locksley_Pl-2026-03-22_18-47-20
2706_Locksley_00085.jpg,batch_2,2706_Locksley_Pl-2026-03-22_18-47-20
2731_Locksley_00000.jpg,batch_2,2731_Locksley_Pl-2026-03-22_18-55-23
2731_Locksley_00005.jpg,batch_2,2731_Locksley_Pl-2026-03-22_18-55-23
2731_Locksley_00010.jpg,batch_2,2731_Locksley_Pl-2026-03-22_18-55-23
2731_Locksley_00015.jpg,batch_2,2731_Locksley_Pl-2026-03-22_18-55-23
2731_Locksley_00020.jpg,batch_2,2731_Locksley_Pl-2026-03-22_18-55-23
2731_Locksley_00025.jpg,batch_2,2731_Locksley_Pl-2026-03-22_18-55-23
2731_Locksley_00030.jpg,batch_2,2731_Locksley_Pl-2026-03-22_18-55-23
2731_Locksley_00035.jpg,batch_2,2731_Locksley_Pl-2026-03-22_18-55-23
2731_Locksley_00040.jpg,batch_2,2731_Locksley_Pl-2026-03-22_18-55-23
2731_Locksley_00045.jpg,batch_2,2731_Locksley_Pl-2026-03-22_18-55-23
2731_Locksley_00050.jpg,batch_2,2731_Locksley_Pl-2026-03-22_18-55-23
2731_Locksley_00055.jpg,batch_2,2731_Locksley_Pl-2026-03-22_18-55-23
2731_Locksley_00060.jpg,batch_2,2731_Locksley_Pl-2026-03-22_18-55-23
2731_Locksley_00065.jpg,batch_2,2731_Locksley_Pl-2026-03-22_18-55-23
2731_Locksley_00070.jpg,batch_2,2731_Locksley_Pl-2026-03-22_18-55-23
2731_Locksley_00075.jpg,batch_2,2731_Locksley_Pl-2026-03-22_18-55-23
2731_Locksley_00080.jpg,batch_2,2731_Locksley_Pl-2026-03-22_18-55-23
2731_Locksley_00085.jpg,batch_2,2731_Locksley_Pl-2026-03-22_18-55-23
2731_Locksley_00090.jpg,batch_2,2731_Locksley_Pl-2026-03-22_18-55-23
2731_Locksley_00095.jpg,batch_2,2731_Locksley_Pl-2026-03-22_18-55-23
2731_Locksley_00100.jpg,batch_2,2731_Locksley_Pl-2026-03-22_18-55-23
2731_Locksley_00105.jpg,batch_2,2731_Locksley_Pl-2026-03-22_18-55-23
2731_Locksley_00110.jpg,batch_2,2731_Locksley_Pl-2026-03-22_18-55-23
2731_Locksley_00115.jpg,batch_2,2731_Locksley_Pl-2026-03-22_18-55-23
2731_Locksley_00120.jpg,batch_2,2731_Locksley_Pl-2026-03-22_18-55-23
2731_Locksley_00125.jpg,batch_2,2731_Locksley_Pl-2026-03-22_18-55-23
2731_Locksley_00130.jpg,batch_2,2731_Locksley_Pl-2026-03-22_18-55-23
2731_Locksley_00135.jpg,batch_2,2731_Locksley_Pl-2026-03-22_18-55-23
2736_Locksley_00000.jpg,batch_2,2736_Locksley_Pl-2026-03-22_18-49-49
2736_Locksley_00005.jpg,batch_2,2736_Locksley_Pl-2026-03-22_18-49-49
2736_Locksley_00010.jpg,batch_2,2736_Locksley_Pl-2026-03-22_18-49-49
2736_Locksley_00015.jpg,batch_2,2736_Locksley_Pl-2026-03-22_18-49-49
2736_Locksley_00020.jpg,batch_2,2736_Locksley_Pl-2026-03-22_18-49-49
2736_Locksley_00025.jpg,batch_2,2736_Locksley_Pl-2026-03-22_18-49-49
2736_Locksley_00030.jpg,batch_2,2736_Locksley_Pl-2026-03-22_18-49-49
2736_Locksley_00035.jpg,batch_2,2736_Locksley_Pl-2026-03-22_18-49-49
2736_Locksley_00040.jpg,batch_2,2736_Locksley_Pl-2026-03-22_18-49-49
2736_Locksley_00045.jpg,batch_2,2736_Locksley_Pl-2026-03-22_18-49-49
2741_Locksley_00000.jpg,batch_2,2741_Locksley_Pl-2026-03-22_18-49-17
2741_Locksley_00005.jpg,batch_2,2741_Locksley_Pl-2026-03-22_18-49-17
2741_Locksley_00010.jpg,batch_2,2741_Locksley_Pl-2026-03-22_18-49-17
2745_Locksley_00000.jpg,batch_2,2745_Locksley_Pl-2026-03-22_18-54-10
2745_Locksley_00005.jpg,batch_2,2745_Locksley_Pl-2026-03-22_18-54-10
2745_Locksley_00010.jpg,batch_2,2745_Locksley_Pl-2026-03-22_18-54-10
2745_Locksley_00015.jpg,batch_2,2745_Locksley_Pl-2026-03-22_18-54-10
2745_Locksley_00020.jpg,batch_2,2745_Locksley_Pl-2026-03-22_18-54-10
2745_Locksley_00025.jpg,batch_2,2745_Locksley_Pl-2026-03-22_18-54-10
2745_Locksley_00030.jpg,batch_2,2745_Locksley_Pl-2026-03-22_18-54-10
2745_Locksley_00035.jpg,batch_2,2745_Locksley_Pl-2026-03-22_18-54-10
2745_Locksley_00040.jpg,batch_2,2745_Locksley_Pl-2026-03-22_18-54-10
2745_Locksley_00045.jpg,batch_2,2745_Locksley_Pl-2026-03-22_18-54-10
2749_Waverly_00000.jpg,batch_2,2749_Waverly_Dr-2026-03-22_18-17-27
2749_Waverly_00005.jpg,batch_2,2749_Waverly_Dr-2026-03-22_18-17-27
2749_Waverly_00010.jpg,batch_2,2749_Waverly_Dr-2026-03-22_18-17-27
2749_Waverly_00015.jpg,batch_2,2749_Waverly_Dr-2026-03-22_18-17-27
2749_Waverly_00020.jpg,batch_2,2749_Waverly_Dr-2026-03-22_18-17-27
2749_Waverly_00025.jpg,batch_2,2749_Waverly_Dr-2026-03-22_18-17-27
2749_Waverly_00030.jpg,batch_2,2749_Waverly_Dr-2026-03-22_18-17-27
2749_Waverly_00035.jpg,batch_2,2749_Waverly_Dr-2026-03-22_18-17-27
2749_Waverly_00040.jpg,batch_2,2749_Waverly_Dr-2026-03-22_18-17-27
2749_Waverly_00045.jpg,batch_2,2749_Waverly_Dr-2026-03-22_18-17-27
2749_Waverly_00050.jpg,batch_2,2749_Waverly_Dr-2026-03-22_18-17-27
2749_Waverly_00055.jpg,batch_2,2749_Waverly_Dr-2026-03-22_18-17-27
2749_Waverly_00060.jpg,batch_2,2749_Waverly_Dr-2026-03-22_18-17-27
2749_Waverly_00065.jpg,batch_2,2749_Waverly_Dr-2026-03-22_18-17-27
2749_Waverly_00070.jpg,batch_2,2749_Waverly_Dr-2026-03-22_18-17-27
2749_Waverly_00075.jpg,batch_2,2749_Waverly_Dr-2026-03-22_18-17-27
2749_Waverly_00080.jpg,batch_2,2749_Waverly_Dr-2026-03-22_18-17-27
2749_Waverly_00085.jpg,batch_2,2749_Waverly_Dr-2026-03-22_18-17-27
2749_Waverly_00090.jpg,batch_2,2749_Waverly_Dr-2026-03-22_18-17-27
2749_Waverly_00095.jpg,batch_2,2749_Waverly_Dr-2026-03-22_18-17-27
2749_Waverly_00100.jpg,batch_2,2749_Waverly_Dr-2026-03-22_18-17-27
2749_Waverly_00105.jpg,batch_2,2749_Waverly_Dr-2026-03-22_18-17-27
2749_Waverly_00110.jpg,batch_2,2749_Waverly_Dr-2026-03-22_18-17-27
2749_Waverly_00115.jpg,batch_2,2749_Waverly_Dr-2026-03-22_18-17-27
2749_Waverly_00120.jpg,batch_2,2749_Waverly_Dr-2026-03-22_18-17-27
2749_Waverly_00125.jpg,batch_2,2749_Waverly_Dr-2026-03-22_18-17-27
2749_Waverly_00130.jpg,batch_2,2749_Waverly_Dr-2026-03-22_18-17-27
2749_Waverly_00135.jpg,batch_2,2749_Waverly_Dr-2026-03-22_18-17-27
2749_Waverly_00140.jpg,batch_2,2749_Waverly_Dr-2026-03-22_18-17-27
2749_Waverly_00145.jpg,batch_2,2749_Waverly_Dr-2026-03-22_18-17-27
2749_Waverly_00150.jpg,batch_2,2749_Waverly_Dr-2026-03-22_18-17-27
2749_Waverly_00155.jpg,batch_2,2749_Waverly_Dr-2026-03-22_18-17-27
2749_Waverly_00160.jpg,batch_2,2749_Waverly_Dr-2026-03-22_18-17-27
2749_Waverly_00165.jpg,batch_2,2749_Waverly_Dr-2026-03-22_18-17-27
2749_Waverly_00170.jpg,batch_2,2749_Waverly_Dr-2026-03-22_18-17-27
2749_Waverly_00175.jpg,batch_2,2749_Waverly_Dr-2026-03-22_18-17-27
2749_Waverly_00180.jpg,batch_2,2749_Waverly_Dr-2026-03-22_18-17-27
2749_Waverly_00185.jpg,batch_2,2749_Waverly_Dr-2026-03-22_18-17-27
2749_Waverly_00190.jpg,batch_2,2749_Waverly_Dr-2026-03-22_18-17-27
2749_Waverly_00195.jpg,batch_2,2749_Waverly_Dr-2026-03-22_18-17-27
2749_Waverly_00200.jpg,batch_2,2749_Waverly_Dr-2026-03-22_18-17-27
2755_Waverly_00000.jpg,batch_2,2755_Waverly_Dr-2026-03-22_19-34-49
2755_Waverly_00005.jpg,batch_2,2755_Waverly_Dr-2026-03-22_19-34-49
2755_Waverly_00010.jpg,batch_2,2755_Waverly_Dr-2026-03-22_19-34-49
2755_Waverly_00015.jpg,batch_2,2755_Waverly_Dr-2026-03-22_19-34-49
2755_Waverly_00020.jpg,batch_2,2755_Waverly_Dr-2026-03-22_19-34-49
2755_Waverly_00025.jpg,batch_2,2755_Waverly_Dr-2026-03-22_19-34-49
2758_Auburn_00000.jpg,batch_2,2758_Auburn_St-2026-03-22_19-24-25
2758_Auburn_00005.jpg,batch_2,2758_Auburn_St-2026-03-22_19-24-25
2758_Auburn_00010.jpg,batch_2,2758_Auburn_St-2026-03-22_19-24-25
2758_Auburn_00015.jpg,batch_2,2758_Auburn_St-2026-03-22_19-24-25
2758_Auburn_00020.jpg,batch_2,2758_Auburn_St-2026-03-22_19-24-25
2758_Auburn_00025.jpg,batch_2,2758_Auburn_St-2026-03-22_19-24-25
2758_Auburn_00030.jpg,batch_2,2758_Auburn_St-2026-03-22_19-24-25
2758_Auburn_00035.jpg,batch_2,2758_Auburn_St-2026-03-22_19-24-25
2759_Rowena_00000.jpg,batch_2,2759_Rowena_Ave-2026-03-22_19-09-44
2759_Rowena_00005.jpg,batch_2,2759_Rowena_Ave-2026-03-22_19-09-44
2759_Rowena_00010.jpg,batch_2,2759_Rowena_Ave-2026-03-22_19-09-44
2759_Rowena_00015.jpg,batch_2,2759_Rowena_Ave-2026-03-22_19-09-44
2759_Rowena_00020.jpg,batch_2,2759_Rowena_Ave-2026-03-22_19-09-44
2759_Rowena_00025.jpg,batch_2,2759_Rowena_Ave-2026-03-22_19-09-44
2759_Rowena_00030.jpg,batch_2,2759_Rowena_Ave-2026-03-22_19-09-44
2759_Rowena_00035.jpg,batch_2,2759_Rowena_Ave-2026-03-22_19-09-44
2759_Rowena_00040.jpg,batch_2,2759_Rowena_Ave-2026-03-22_19-09-44
2759_Rowena_00045.jpg,batch_2,2759_Rowena_Ave-2026-03-22_19-09-44
2791_2799_00000.jpg,batch_2,2791_2799_Locksley_Pl-2026-03-22_18-52-10
2791_2799_00005.jpg,batch_2,2791_2799_Locksley_Pl-2026-03-22_18-52-10
2800_Glendale_00000.jpg,batch_2,2800_Glendale_Blvd-2026-03-22_18-52-44
2800_Glendale_00005.jpg,batch_2,2800_Glendale_Blvd-2026-03-22_18-52-44
2800_Glendale_00010.jpg,batch_2,2800_Glendale_Blvd-2026-03-22_18-52-44
2800_Glendale_00015.jpg,batch_2,2800_Glendale_Blvd-2026-03-22_18-52-44
2800_Glendale_00020.jpg,batch_2,2800_Glendale_Blvd-2026-03-22_18-52-44
2800_Glendale_00025.jpg,batch_2,2800_Glendale_Blvd-2026-03-22_18-52-44
2800_Glendale_00030.jpg,batch_2,2800_Glendale_Blvd-2026-03-22_18-52-44
2800_Glendale_00035.jpg,batch_2,2800_Glendale_Blvd-2026-03-22_18-52-44
2800_Glendale_00040.jpg,batch_2,2800_Glendale_Blvd-2026-03-22_18-52-44
2800_Glendale_00045.jpg,batch_2,2800_Glendale_Blvd-2026-03-22_18-52-44
2800_Glendale_00050.jpg,batch_2,2800_Glendale_Blvd-2026-03-22_18-52-44
2800_Waverly_00000.jpg,batch_2,2800_Waverly_Dr-2026-03-22_19-20-38
2800_Waverly_00005.jpg,batch_2,2800_Waverly_Dr-2026-03-22_19-20-38
2800_Waverly_00010.jpg,batch_2,2800_Waverly_Dr-2026-03-22_19-20-38
2800_Waverly_00015.jpg,batch_2,2800_Waverly_Dr-2026-03-22_19-20-38
2800_Waverly_00020.jpg,batch_2,2800_Waverly_Dr-2026-03-22_19-20-38
2800_Waverly_00025.jpg,batch_2,2800_Waverly_Dr-2026-03-22_19-20-38
2800_Waverly_00030.jpg,batch_2,2800_Waverly_Dr-2026-03-22_19-20-38
2800_Waverly_00035.jpg,batch_2,2800_Waverly_Dr-2026-03-22_19-20-38
2800_Waverly_00040.jpg,batch_2,2800_Waverly_Dr-2026-03-22_19-20-38
2800_Waverly_00045.jpg,batch_2,2800_Waverly_Dr-2026-03-22_19-20-38
2800_Waverly_00050.jpg,batch_2,2800_Waverly_Dr-2026-03-22_19-20-38
2800_Waverly_00055.jpg,batch_2,2800_Waverly_Dr-2026-03-22_19-20-38
2805_Glendale_00000.jpg,batch_2,2805_Glendale_Blvd-2026-03-22_19-08-40
2805_Glendale_00005.jpg,batch_2,2805_Glendale_Blvd-2026-03-22_19-08-40
2805_Glendale_00010.jpg,batch_2,2805_Glendale_Blvd-2026-03-22_19-08-40
2805_Glendale_00015.jpg,batch_2,2805_Glendale_Blvd-2026-03-22_19-08-40
2805_Glendale_00020.jpg,batch_2,2805_Glendale_Blvd-2026-03-22_19-08-40
2805_Glendale_00025.jpg,batch_2,2805_Glendale_Blvd-2026-03-22_19-08-40
2805_Glendale_00030.jpg,batch_2,2805_Glendale_Blvd-2026-03-22_19-08-40
2811_Waverly_00000.jpg,batch_2,2811_Waverly_Dr-2026-03-22_19-11-54
2811_Waverly_00005.jpg,batch_2,2811_Waverly_Dr-2026-03-22_19-11-54
2811_Waverly_00010.jpg,batch_2,2811_Waverly_Dr-2026-03-22_19-11-54
2811_Waverly_00015.jpg,batch_2,2811_Waverly_Dr-2026-03-22_19-11-54
2811_Waverly_00020.jpg,batch_2,2811_Waverly_Dr-2026-03-22_19-11-54
2811_Waverly_00025.jpg,batch_2,2811_Waverly_Dr-2026-03-22_19-11-54
2811_Waverly_00030.jpg,batch_2,2811_Waverly_Dr-2026-03-22_19-11-54
2811_Waverly_00035.jpg,batch_2,2811_Waverly_Dr-2026-03-22_19-11-54
2811_Waverly_00040.jpg,batch_2,2811_Waverly_Dr-2026-03-22_19-11-54
2811_Waverly_00045.jpg,batch_2,2811_Waverly_Dr-2026-03-22_19-11-54
2811_Waverly_00050.jpg,batch_2,2811_Waverly_Dr-2026-03-22_19-11-54
2811_Waverly_00055.jpg,batch_2,2811_Waverly_Dr-2026-03-22_19-11-54
2811_Waverly_00060.jpg,batch_2,2811_Waverly_Dr-2026-03-22_19-11-54
2811_Waverly_00065.jpg,batch_2,2811_Waverly_Dr-2026-03-22_19-11-54
2811_Waverly_00070.jpg,batch_2,2811_Waverly_Dr-2026-03-22_19-11-54
2811_Waverly_00075.jpg,batch_2,2811_Waverly_Dr-2026-03-22_19-11-54
2811_Waverly_00080.jpg,batch_2,2811_Waverly_Dr-2026-03-22_19-11-54
2811_Waverly_00085.jpg,batch_2,2811_Waverly_Dr-2026-03-22_19-11-54
2811_Waverly_00090.jpg,batch_2,2811_Waverly_Dr-2026-03-22_19-11-54
2814_Glendale_00000.jpg,batch_2,2814_Glendale_Blvd-2026-03-22_19-32-50
2814_Glendale_00005.jpg,batch_2,2814_Glendale_Blvd-2026-03-22_19-32-50
2814_Glendale_00010.jpg,batch_2,2814_Glendale_Blvd-2026-03-22_19-32-50
2814_Glendale_00015.jpg,batch_2,2814_Glendale_Blvd-2026-03-22_19-32-50
2814_Glendale_00020.jpg,batch_2,2814_Glendale_Blvd-2026-03-22_19-32-50
2814_Glendale_00025.jpg,batch_2,2814_Glendale_Blvd-2026-03-22_19-32-50
2814_Glendale_00030.jpg,batch_2,2814_Glendale_Blvd-2026-03-22_19-32-50
2814_Glendale_00035.jpg,batch_2,2814_Glendale_Blvd-2026-03-22_19-32-50
2814_Glendale_00040.jpg,batch_2,2814_Glendale_Blvd-2026-03-22_19-32-50
2814_Glendale_00045.jpg,batch_2,2814_Glendale_Blvd-2026-03-22_19-32-50
2814_Glendale_00050.jpg,batch_2,2814_Glendale_Blvd-2026-03-22_19-32-50
2814_Glendale_00055.jpg,batch_2,2814_Glendale_Blvd-2026-03-22_19-32-50
2814_Glendale_00060.jpg,batch_2,2814_Glendale_Blvd-2026-03-22_19-32-50
2824_Waverly_00000.jpg,batch_2,2824_Waverly_Dr-2026-03-22_19-22-07
2824_Waverly_00005.jpg,batch_2,2824_Waverly_Dr-2026-03-22_19-22-07
2824_Waverly_00010.jpg,batch_2,2824_Waverly_Dr-2026-03-22_19-22-07
2824_Waverly_00015.jpg,batch_2,2824_Waverly_Dr-2026-03-22_19-22-07
2824_Waverly_00020.jpg,batch_2,2824_Waverly_Dr-2026-03-22_19-22-07
2824_Waverly_00025.jpg,batch_2,2824_Waverly_Dr-2026-03-22_19-22-07
2824_Waverly_00030.jpg,batch_2,2824_Waverly_Dr-2026-03-22_19-22-07
2824_Waverly_00035.jpg,batch_2,2824_Waverly_Dr-2026-03-22_19-22-07
2824_Waverly_00040.jpg,batch_2,2824_Waverly_Dr-2026-03-22_19-22-07
2824_Waverly_00045.jpg,batch_2,2824_Waverly_Dr-2026-03-22_19-22-07
2824_Waverly_00050.jpg,batch_2,2824_Waverly_Dr-2026-03-22_19-22-07
2824_Waverly_00055.jpg,batch_2,2824_Waverly_Dr-2026-03-22_19-22-07
2824_Waverly_00060.jpg,batch_2,2824_Waverly_Dr-2026-03-22_19-22-07
2824_Waverly_00065.jpg,batch_2,2824_Waverly_Dr-2026-03-22_19-22-07
2824_Waverly_00070.jpg,batch_2,2824_Waverly_Dr-2026-03-22_19-22-07
2824_Waverly_00075.jpg,batch_2,2824_Waverly_Dr-2026-03-22_19-22-07
2824_Waverly_00080.jpg,batch_2,2824_Waverly_Dr-2026-03-22_19-22-07
2824_Waverly_00085.jpg,batch_2,2824_Waverly_Dr-2026-03-22_19-22-07
2824_Waverly_00090.jpg,batch_2,2824_Waverly_Dr-2026-03-22_19-22-07
2827_Waverly_00000.jpg,batch_2,2827_Waverly_Dr-2026-03-22_19-28-38
2827_Waverly_00005.jpg,batch_2,2827_Waverly_Dr-2026-03-22_19-28-38
2827_Waverly_00010.jpg,batch_2,2827_Waverly_Dr-2026-03-22_19-28-38
2827_Waverly_00015.jpg,batch_2,2827_Waverly_Dr-2026-03-22_19-28-38
2827_Waverly_00020.jpg,batch_2,2827_Waverly_Dr-2026-03-22_19-28-38
2827_Waverly_00025.jpg,batch_2,2827_Waverly_Dr-2026-03-22_19-28-38
2827_Waverly_00030.jpg,batch_2,2827_Waverly_Dr-2026-03-22_19-28-38
2827_Waverly_00035.jpg,batch_2,2827_Waverly_Dr-2026-03-22_19-28-38
2827_Waverly_00040.jpg,batch_2,2827_Waverly_Dr-2026-03-22_19-28-38
2827_Waverly_00045.jpg,batch_2,2827_Waverly_Dr-2026-03-22_19-28-38
2827_Waverly_00050.jpg,batch_2,2827_Waverly_Dr-2026-03-22_19-28-38
2827_Waverly_00055.jpg,batch_2,2827_Waverly_Dr-2026-03-22_19-28-38
2827_Waverly_00060.jpg,batch_2,2827_Waverly_Dr-2026-03-22_19-28-38
2827_Waverly_00065.jpg,batch_2,2827_Waverly_Dr-2026-03-22_19-28-38
2838_Avenel_00000.jpg,batch_2,2838_Avenel_St-2026-03-22_02-21-13
2838_Avenel_00005.jpg,batch_2,2838_Avenel_St-2026-03-22_02-21-13
2838_Avenel_00010.jpg,batch_2,2838_Avenel_St-2026-03-22_02-21-13
2838_Avenel_00015.jpg,batch_2,2838_Avenel_St-2026-03-22_02-21-13
2838_Avenel_00020.jpg,batch_2,2838_Avenel_St-2026-03-22_02-21-13
2838_Avenel_00025.jpg,batch_2,2838_Avenel_St-2026-03-22_02-21-13
2838_Avenel_00030.jpg,batch_2,2838_Avenel_St-2026-03-22_02-21-13
2838_Avenel_00035.jpg,batch_2,2838_Avenel_St-2026-03-22_02-21-13
2838_Avenel_00040.jpg,batch_2,2838_Avenel_St-2026-03-22_02-21-13
2853_Glendale_00000.jpg,batch_2,2853_Glendale_Blvd-2026-03-22_19-14-20
2853_Glendale_00005.jpg,batch_2,2853_Glendale_Blvd-2026-03-22_19-14-20
2853_Glendale_00010.jpg,batch_2,2853_Glendale_Blvd-2026-03-22_19-14-20
2853_Glendale_00015.jpg,batch_2,2853_Glendale_Blvd-2026-03-22_19-14-20
2853_Glendale_00020.jpg,batch_2,2853_Glendale_Blvd-2026-03-22_19-14-20
2853_Glendale_00025.jpg,batch_2,2853_Glendale_Blvd-2026-03-22_19-14-20
2853_Glendale_00030.jpg,batch_2,2853_Glendale_Blvd-2026-03-22_19-14-20
2853_Glendale_00035.jpg,batch_2,2853_Glendale_Blvd-2026-03-22_19-14-20
2853_Glendale_00040.jpg,batch_2,2853_Glendale_Blvd-2026-03-22_19-14-20
2853_Glendale_00045.jpg,batch_2,2853_Glendale_Blvd-2026-03-22_19-14-20
2853_Glendale_00050.jpg,batch_2,2853_Glendale_Blvd-2026-03-22_19-14-20
2853_Glendale_00055.jpg,batch_2,2853_Glendale_Blvd-2026-03-22_19-14-20
2853_Glendale_00060.jpg,batch_2,2853_Glendale_Blvd-2026-03-22_19-14-20
2853_Glendale_00065.jpg,batch_2,2853_Glendale_Blvd-2026-03-22_19-14-20
2853_Glendale_00070.jpg,batch_2,2853_Glendale_Blvd-2026-03-22_19-14-20
2869_Glendale_00000.jpg,batch_2,2869_Glendale_Blvd-2026-03-22_19-16-01
2869_Glendale_00005.jpg,batch_2,2869_Glendale_Blvd-2026-03-22_19-16-01
2869_Glendale_00010.jpg,batch_2,2869_Glendale_Blvd-2026-03-22_19-16-01
2869_Glendale_00015.jpg,batch_2,2869_Glendale_Blvd-2026-03-22_19-16-01
2869_Glendale_00020.jpg,batch_2,2869_Glendale_Blvd-2026-03-22_19-16-01
2869_Glendale_00025.jpg,batch_2,2869_Glendale_Blvd-2026-03-22_19-16-01
2869_Glendale_00030.jpg,batch_2,2869_Glendale_Blvd-2026-03-22_19-16-01
2869_Glendale_00035.jpg,batch_2,2869_Glendale_Blvd-2026-03-22_19-16-01
2869_Glendale_00040.jpg,batch_2,2869_Glendale_Blvd-2026-03-22_19-16-01
2869_Glendale_00045.jpg,batch_2,2869_Glendale_Blvd-2026-03-22_19-16-01
2869_Glendale_00050.jpg,batch_2,2869_Glendale_Blvd-2026-03-22_19-16-01
2901_Waverly_00000.jpg,batch_2,2901_Waverly_Dr-2026-03-22_19-26-57
2901_Waverly_00005.jpg,batch_2,2901_Waverly_Dr-2026-03-22_19-26-57
2901_Waverly_00010.jpg,batch_2,2901_Waverly_Dr-2026-03-22_19-26-57
2901_Waverly_00015.jpg,batch_2,2901_Waverly_Dr-2026-03-22_19-26-57
2901_Waverly_00020.jpg,batch_2,2901_Waverly_Dr-2026-03-22_19-26-57
2901_Waverly_00025.jpg,batch_2,2901_Waverly_Dr-2026-03-22_19-26-57
2901_Waverly_00030.jpg,batch_2,2901_Waverly_Dr-2026-03-22_19-26-57
2901_Waverly_00035.jpg,batch_2,2901_Waverly_Dr-2026-03-22_19-26-57
2901_Waverly_00040.jpg,batch_2,2901_Waverly_Dr-2026-03-22_19-26-57
2901_Waverly_00045.jpg,batch_2,2901_Waverly_Dr-2026-03-22_19-26-57
2901_Waverly_00050.jpg,batch_2,2901_Waverly_Dr-2026-03-22_19-26-57
2901_Waverly_00055.jpg,batch_2,2901_Waverly_Dr-2026-03-22_19-26-57
2901_Waverly_00060.jpg,batch_2,2901_Waverly_Dr-2026-03-22_19-26-57
2901_Waverly_00065.jpg,batch_2,2901_Waverly_Dr-2026-03-22_19-26-57
Rokeby_00000.jpg,batch_2,Rokeby_St-2026-03-22_19-11-06
Rokeby_00005.jpg,batch_2,Rokeby_St-2026-03-22_19-11-06
Rokeby_00010.jpg,batch_2,Rokeby_St-2026-03-22_19-11-06
Rokeby_00015.jpg,batch_2,Rokeby_St-2026-03-22_19-11-06
Rokeby_00020.jpg,batch_2,Rokeby_St-2026-03-22_19-11-06
